year,sex,country,n,prop
2,F,Argentina,100,0
150,F,Argentina,100,15.053333333333333
200,F,Argentina,100,30.066666666666663
250,F,Argentina,100,15.013333333333335
320,F,Argentina,100,17.215238095238092
400,F,Argentina,100,11.084761904761908
500,F,Argentina,100,11.45523809523809
650,F,Argentina,100,3.598095238095242
850,F,Argentina,100,7.681904761904757
1260,F,Argentina,100,-2.174587688734026
192700,F,Argentina,100,-2.1863828150170987
