year,sex,country,n,prop
0,F,Argentina,0,100
150,F,Argentina,1155.4533333333334,100
200,F,Argentina,6074.786666666667,100
250,F,Argentina,3714.0933333333323,100
320,F,Argentina,5643.620952380954,100
400,F,Argentina,5009.554047619045,100
500,F,Argentina,5557.125952380955,100
650,F,Argentina,3208.780714285711,100
850,F,Argentina,5233.399285714289,100
1260,F,Argentina,426.74217770034466,100
192700,F,Argentina,0,100
