year,sex,country,n,prop
2,F,Argentina,2.1863828150170987,100
150,F,Argentina,17.239716148350432,100
200,F,Argentina,32.25304948168376,100
250,F,Argentina,17.199716148350433,100
320,F,Argentina,19.40162091025519,100
400,F,Argentina,13.271144719779008,100
500,F,Argentina,13.64162091025519,100
650,F,Argentina,5.784478053112341,100
850,F,Argentina,9.868287576921857,100
1260,F,Argentina,0.011795126283072666,100
192700,F,Argentina,0,100
