year,sex,country,n,prop
2,F,Argentina,100,0.07271783198504764
150,F,Argentina,100,0.5733830204551142
200,F,Argentina,100,1.0727178319850477
250,F,Argentina,100,0.5720526435149812
320,F,Argentina,100,0.6452867265051616
400,F,Argentina,100,0.441390622609058
500,F,Argentina,100,0.45371244712600417
650,F,Argentina,100,0.1923884053141577
850,F,Argentina,100,0.32821355577345424
1260,F,Argentina,100,0.0003922991003239246
192700,F,Argentina,100,0
