year,sex,country,n,prop
2,F,Argentina,100,2.1863828150170987
150,F,Argentina,100,17.239716148350432
200,F,Argentina,100,32.25304948168376
250,F,Argentina,100,17.199716148350433
320,F,Argentina,100,19.40162091025519
400,F,Argentina,100,13.271144719779008
500,F,Argentina,100,13.64162091025519
650,F,Argentina,100,5.784478053112341
850,F,Argentina,100,9.868287576921857
1260,F,Argentina,100,0.011795126283072666
192700,F,Argentina,100,0
